prefix_or_step,model,TNF_status,reachable_states_before_withdrawal,reachable_naive,reachable_survival,reachable_apoptosis,reachable_necrosis,states_with_unique_terminal_apoptosis,states_with_persistent_CASP3,committed_fate_if_any,observable_state
0,DR-FB+,0,1,1,0,0,0,0,0,state-specific; not a population probability,aggregate of all states at exactly this raw-event depth
1,DR-FB+,0,1,1,0,1,1,0,0,state-specific; not a population probability,aggregate of all states at exactly this raw-event depth
2,DR-FB+,0,2,1,0,1,1,0,0,state-specific; not a population probability,aggregate of all states at exactly this raw-event depth
3,DR-FB+,0,4,1,0,1,1,0,0,state-specific; not a population probability,aggregate of all states at exactly this raw-event depth
4,DR-FB+,0,7,1,0,1,1,0,0,state-specific; not a population probability,aggregate of all states at exactly this raw-event depth
5,DR-FB+,0,12,1,0,1,1,0,0,state-specific; not a population probability,aggregate of all states at exactly this raw-event depth
6,DR-FB+,0,23,1,0,1,1,0,0,state-specific; not a population probability,aggregate of all states at exactly this raw-event depth
7,DR-FB+,0,42,1,0,1,1,0,0,state-specific; not a population probability,aggregate of all states at exactly this raw-event depth
8,DR-FB+,0,73,1,0,1,1,1,1,state-specific; not a population probability,aggregate of all states at exactly this raw-event depth
9,DR-FB+,0,122,1,0,1,1,1,1,state-specific; not a population probability,aggregate of all states at exactly this raw-event depth
10,DR-FB+,0,204,1,0,1,1,2,2,state-specific; not a population probability,aggregate of all states at exactly this raw-event depth
11,DR-FB+,0,336,1,0,1,1,2,2,state-specific; not a population probability,aggregate of all states at exactly this raw-event depth
12,DR-FB+,0,550,1,0,1,1,4,4,state-specific; not a population probability,aggregate of all states at exactly this raw-event depth
13,DR-FB+,0,899,1,0,1,1,5,5,state-specific; not a population probability,aggregate of all states at exactly this raw-event depth
14,DR-FB+,0,1467,1,0,1,1,6,6,state-specific; not a population probability,aggregate of all states at exactly this raw-event depth
15,DR-FB+,0,2379,1,0,1,1,6,6,state-specific; not a population probability,aggregate of all states at exactly this raw-event depth
16,DR-FB+,0,3815,1,0,1,1,6,6,state-specific; not a population probability,aggregate of all states at exactly this raw-event depth
17,DR-FB+,0,6055,1,0,1,1,5,5,state-specific; not a population probability,aggregate of all states at exactly this raw-event depth
18,DR-FB+,0,9468,1,0,1,1,5,5,state-specific; not a population probability,aggregate of all states at exactly this raw-event depth
19,DR-FB+,0,14508,1,0,1,1,5,5,state-specific; not a population probability,aggregate of all states at exactly this raw-event depth
20,DR-FB+,0,21695,1,0,1,1,7,7,state-specific; not a population probability,aggregate of all states at exactly this raw-event depth
21,DR-FB+,0,31576,1,0,1,1,8,8,state-specific; not a population probability,aggregate of all states at exactly this raw-event depth
22,DR-FB+,0,44645,1,0,1,1,9,9,state-specific; not a population probability,aggregate of all states at exactly this raw-event depth
23,DR-FB+,0,61153,1,0,1,1,11,11,state-specific; not a population probability,aggregate of all states at exactly this raw-event depth
24,DR-FB+,0,81076,1,0,1,1,12,12,state-specific; not a population probability,aggregate of all states at exactly this raw-event depth
25,DR-FB+,0,104244,1,0,1,1,14,14,state-specific; not a population probability,aggregate of all states at exactly this raw-event depth
26,DR-FB+,0,130547,1,0,1,1,13,13,state-specific; not a population probability,aggregate of all states at exactly this raw-event depth
27,DR-FB+,0,159967,1,0,1,1,14,14,state-specific; not a population probability,aggregate of all states at exactly this raw-event depth
28,DR-FB+,0,192298,1,0,1,1,14,14,state-specific; not a population probability,aggregate of all states at exactly this raw-event depth
29,DR-FB+,0,226862,1,0,1,1,15,15,state-specific; not a population probability,aggregate of all states at exactly this raw-event depth
30,DR-FB+,0,262518,1,0,1,1,16,16,state-specific; not a population probability,aggregate of all states at exactly this raw-event depth
31,DR-FB+,0,298168,1,0,1,1,15,15,state-specific; not a population probability,aggregate of all states at exactly this raw-event depth
32,DR-FB+,0,333071,1,0,1,1,16,16,state-specific; not a population probability,aggregate of all states at exactly this raw-event depth
33,DR-FB+,0,366691,1,0,1,1,16,16,state-specific; not a population probability,aggregate of all states at exactly this raw-event depth
34,DR-FB+,0,398383,1,0,1,1,16,16,state-specific; not a population probability,aggregate of all states at exactly this raw-event depth
35,DR-FB+,0,427375,1,0,1,1,16,16,state-specific; not a population probability,aggregate of all states at exactly this raw-event depth
36,DR-FB+,0,452804,1,0,1,1,16,16,state-specific; not a population probability,aggregate of all states at exactly this raw-event depth
37,DR-FB+,0,473970,1,0,1,1,16,16,state-specific; not a population probability,aggregate of all states at exactly this raw-event depth
38,DR-FB+,0,490652,1,0,1,1,16,16,state-specific; not a population probability,aggregate of all states at exactly this raw-event depth
39,DR-FB+,0,503059,1,0,1,1,16,16,state-specific; not a population probability,aggregate of all states at exactly this raw-event depth
40,DR-FB+,0,511611,1,0,1,1,16,16,state-specific; not a population probability,aggregate of all states at exactly this raw-event depth
0,DR-FB-,0,1,1,0,0,0,0,0,state-specific; not a population probability,aggregate of all states at exactly this raw-event depth
1,DR-FB-,0,1,1,0,0,1,0,0,state-specific; not a population probability,aggregate of all states at exactly this raw-event depth
2,DR-FB-,0,2,1,0,0,1,0,0,state-specific; not a population probability,aggregate of all states at exactly this raw-event depth
3,DR-FB-,0,4,1,0,0,1,0,0,state-specific; not a population probability,aggregate of all states at exactly this raw-event depth
4,DR-FB-,0,7,1,0,0,1,0,0,state-specific; not a population probability,aggregate of all states at exactly this raw-event depth
5,DR-FB-,0,12,1,0,0,1,0,0,state-specific; not a population probability,aggregate of all states at exactly this raw-event depth
6,DR-FB-,0,23,1,0,0,1,0,0,state-specific; not a population probability,aggregate of all states at exactly this raw-event depth
7,DR-FB-,0,42,1,0,0,1,0,0,state-specific; not a population probability,aggregate of all states at exactly this raw-event depth
8,DR-FB-,0,73,1,0,0,1,0,0,state-specific; not a population probability,aggregate of all states at exactly this raw-event depth
9,DR-FB-,0,122,1,0,0,1,0,0,state-specific; not a population probability,aggregate of all states at exactly this raw-event depth
10,DR-FB-,0,203,1,0,0,1,0,0,state-specific; not a population probability,aggregate of all states at exactly this raw-event depth
11,DR-FB-,0,331,1,0,0,1,0,0,state-specific; not a population probability,aggregate of all states at exactly this raw-event depth
12,DR-FB-,0,536,1,0,0,1,0,0,state-specific; not a population probability,aggregate of all states at exactly this raw-event depth
13,DR-FB-,0,870,1,0,0,1,0,0,state-specific; not a population probability,aggregate of all states at exactly this raw-event depth
14,DR-FB-,0,1412,1,0,0,1,0,0,state-specific; not a population probability,aggregate of all states at exactly this raw-event depth
15,DR-FB-,0,2269,1,0,0,1,0,0,state-specific; not a population probability,aggregate of all states at exactly this raw-event depth
16,DR-FB-,0,3573,1,0,0,1,0,0,state-specific; not a population probability,aggregate of all states at exactly this raw-event depth
17,DR-FB-,0,5494,1,0,0,1,0,0,state-specific; not a population probability,aggregate of all states at exactly this raw-event depth
18,DR-FB-,0,8204,1,0,0,1,0,0,state-specific; not a population probability,aggregate of all states at exactly this raw-event depth
19,DR-FB-,0,11849,1,0,0,1,0,0,state-specific; not a population probability,aggregate of all states at exactly this raw-event depth
20,DR-FB-,0,16543,1,0,0,1,0,0,state-specific; not a population probability,aggregate of all states at exactly this raw-event depth
21,DR-FB-,0,22390,1,0,0,1,0,0,state-specific; not a population probability,aggregate of all states at exactly this raw-event depth
22,DR-FB-,0,29499,1,0,0,1,0,0,state-specific; not a population probability,aggregate of all states at exactly this raw-event depth
23,DR-FB-,0,37948,1,0,0,1,0,0,state-specific; not a population probability,aggregate of all states at exactly this raw-event depth
24,DR-FB-,0,47796,1,0,0,1,0,0,state-specific; not a population probability,aggregate of all states at exactly this raw-event depth
25,DR-FB-,0,59109,1,0,0,1,0,0,state-specific; not a population probability,aggregate of all states at exactly this raw-event depth
26,DR-FB-,0,71945,1,0,0,1,0,0,state-specific; not a population probability,aggregate of all states at exactly this raw-event depth
27,DR-FB-,0,86309,1,0,0,1,0,0,state-specific; not a population probability,aggregate of all states at exactly this raw-event depth
28,DR-FB-,0,102077,1,0,0,1,0,0,state-specific; not a population probability,aggregate of all states at exactly this raw-event depth
29,DR-FB-,0,118895,1,0,0,1,0,0,state-specific; not a population probability,aggregate of all states at exactly this raw-event depth
30,DR-FB-,0,136166,1,0,0,1,0,0,state-specific; not a population probability,aggregate of all states at exactly this raw-event depth
31,DR-FB-,0,153368,1,0,0,1,0,0,state-specific; not a population probability,aggregate of all states at exactly this raw-event depth
32,DR-FB-,0,170141,1,0,0,1,0,0,state-specific; not a population probability,aggregate of all states at exactly this raw-event depth
33,DR-FB-,0,186341,1,0,0,1,0,0,state-specific; not a population probability,aggregate of all states at exactly this raw-event depth
34,DR-FB-,0,201837,1,0,0,1,0,0,state-specific; not a population probability,aggregate of all states at exactly this raw-event depth
35,DR-FB-,0,216325,1,0,0,1,0,0,state-specific; not a population probability,aggregate of all states at exactly this raw-event depth
36,DR-FB-,0,229465,1,0,0,1,0,0,state-specific; not a population probability,aggregate of all states at exactly this raw-event depth
37,DR-FB-,0,240966,1,0,0,1,0,0,state-specific; not a population probability,aggregate of all states at exactly this raw-event depth
38,DR-FB-,0,250560,1,0,0,1,0,0,state-specific; not a population probability,aggregate of all states at exactly this raw-event depth
39,DR-FB-,0,258105,1,0,0,1,0,0,state-specific; not a population probability,aggregate of all states at exactly this raw-event depth
40,DR-FB-,0,263649,1,0,0,1,0,0,state-specific; not a population probability,aggregate of all states at exactly this raw-event depth
