case,left,right,direction_convention,strong_bisimilar,weak_bisimilar,left_simulated_by_right,right_simulated_by_left,exact_trace_equal,independent_oracle_agrees
synthetic_identity,workflow-12,identical,left_simulated_by_right means left <=_w right; right matches left,True,True,True,True,True,True
synthetic_silent refinement,workflow-12,workflow-12+tau,left_simulated_by_right means left <=_w right; right matches left,False,True,True,True,True,True
synthetic_label mismatch,workflow-12,workflow-12-c,left_simulated_by_right means left <=_w right; right matches left,False,False,False,False,False,True
synthetic_label order swap,workflow-12,workflow-12-reordered,left_simulated_by_right means left <=_w right; right matches left,False,False,False,False,False,True
synthetic_added branch,workflow-12,workflow-12-branch,left_simulated_by_right means left <=_w right; right matches left,False,False,True,False,False,True
synthetic_trace-equivalent branching,late-choice,early-choice,left_simulated_by_right means left <=_w right; right matches left,False,False,False,True,True,True
GIM_A,GIM_animal_interface_A,GIM_plant_interface_A,left_simulated_by_right means left <=_w right; right matches left,False,True,True,True,True,True
GIM_B,GIM_animal_interface_B,GIM_plant_interface_B,left_simulated_by_right means left <=_w right; right matches left,False,True,True,True,True,True
GIM_C,GIM_animal_interface_C,GIM_plant_interface_C,left_simulated_by_right means left <=_w right; right matches left,False,False,False,False,False,True
GIM,GIM_animal,GIM_plant,left_simulated_by_right means left <=_w right; right matches left,False,True,True,True,True,True
DCE,DCE_animal,DCE_plant,left_simulated_by_right means left <=_w right; right matches left,False,True,True,True,True,True
SPS,SPS_animal,SPS_plant,left_simulated_by_right means left <=_w right; right matches left,False,True,True,True,True,True
RCD,RCD_animal,RCD_plant,left_simulated_by_right means left <=_w right; right matches left,False,False,False,True,False,True
AID,AID_animal,AID_plant,left_simulated_by_right means left <=_w right; right matches left,False,False,False,False,False,True
HPN_asynchronous_mTORi_BT20_BT549,BT20_medoid:BT20,BT549_medoid:BT549,left_simulated_by_right means left <=_w right; right matches left,False,False,False,True,False,True
HPN_asynchronous_mTORi_BT20_MCF7,BT20_medoid:BT20,MCF7_medoid:MCF7,left_simulated_by_right means left <=_w right; right matches left,False,False,False,False,False,True
HPN_asynchronous_mTORi_BT549_MCF7,BT549_medoid:BT549,MCF7_medoid:MCF7,left_simulated_by_right means left <=_w right; right matches left,False,False,True,False,False,True
HPN_asynchronous_IGF1+mTORi_BT20_BT549,BT20_medoid:BT20,BT549_medoid:BT549,left_simulated_by_right means left <=_w right; right matches left,False,False,False,True,False,True
HPN_asynchronous_IGF1+mTORi_BT20_MCF7,BT20_medoid:BT20,MCF7_medoid:MCF7,left_simulated_by_right means left <=_w right; right matches left,False,False,False,False,False,True
HPN_asynchronous_IGF1+mTORi_BT549_MCF7,BT549_medoid:BT549,MCF7_medoid:MCF7,left_simulated_by_right means left <=_w right; right matches left,False,False,False,False,False,True
HPN_asynchronous_4EBP1+mTORi_BT20_BT549,BT20_medoid:BT20,BT549_medoid:BT549,left_simulated_by_right means left <=_w right; right matches left,False,False,False,True,False,True
HPN_asynchronous_4EBP1+mTORi_BT20_MCF7,BT20_medoid:BT20,MCF7_medoid:MCF7,left_simulated_by_right means left <=_w right; right matches left,False,False,True,False,False,True
HPN_asynchronous_4EBP1+mTORi_BT549_MCF7,BT549_medoid:BT549,MCF7_medoid:MCF7,left_simulated_by_right means left <=_w right; right matches left,False,False,True,False,False,True
HPN_synchronous_mTORi_BT20_BT549,BT20_medoid:BT20:synchronous,BT549_medoid:BT549:synchronous,left_simulated_by_right means left <=_w right; right matches left,False,False,False,True,False,True
HPN_synchronous_mTORi_BT20_MCF7,BT20_medoid:BT20:synchronous,MCF7_medoid:MCF7:synchronous,left_simulated_by_right means left <=_w right; right matches left,False,False,False,False,False,True
HPN_synchronous_mTORi_BT549_MCF7,BT549_medoid:BT549:synchronous,MCF7_medoid:MCF7:synchronous,left_simulated_by_right means left <=_w right; right matches left,False,False,True,False,False,True
HPN_synchronous_IGF1+mTORi_BT20_BT549,BT20_medoid:BT20:synchronous,BT549_medoid:BT549:synchronous,left_simulated_by_right means left <=_w right; right matches left,False,False,False,False,False,True
HPN_synchronous_IGF1+mTORi_BT20_MCF7,BT20_medoid:BT20:synchronous,MCF7_medoid:MCF7:synchronous,left_simulated_by_right means left <=_w right; right matches left,False,False,False,False,False,True
HPN_synchronous_IGF1+mTORi_BT549_MCF7,BT549_medoid:BT549:synchronous,MCF7_medoid:MCF7:synchronous,left_simulated_by_right means left <=_w right; right matches left,False,False,False,False,False,True
HPN_synchronous_4EBP1+mTORi_BT20_BT549,BT20_medoid:BT20:synchronous,BT549_medoid:BT549:synchronous,left_simulated_by_right means left <=_w right; right matches left,False,False,False,True,False,True
HPN_synchronous_4EBP1+mTORi_BT20_MCF7,BT20_medoid:BT20:synchronous,MCF7_medoid:MCF7:synchronous,left_simulated_by_right means left <=_w right; right matches left,False,False,False,False,False,True
HPN_synchronous_4EBP1+mTORi_BT549_MCF7,BT549_medoid:BT549:synchronous,MCF7_medoid:MCF7:synchronous,left_simulated_by_right means left <=_w right; right matches left,False,False,True,False,False,True
