selection,source_cell,target_cell,native_context,source_medoid_row_zero_based,discrete_rmse,model_rmse,excess_rmse,scored_observations,primary_weight_cost,secondary_squared_error_cost,selected_network_zero_based,yielded_optimization_models,optimum_proven_on_final_yield,solve_search_exhausted,repeats,deterministic_across_repeats,median_runtime_seconds
blind_structure_medoid,BT20,BT20,True,24,0.32943816279476484,0.3302384796115513,0.0008003168167864394,644,17,19273,0,2,True,False,2,True,4.142479207992437
blind_structure_medoid,BT20,BT549,False,24,0.30078663102371667,0.31126866501172584,0.010482033988009176,770,255,63645,0,2,True,False,2,True,2.169587666998268
blind_structure_medoid,BT20,MCF7,False,24,0.27725538180026976,0.27725538180026976,0.0,567,0,0,0,2,True,False,2,True,1.970044458998018
blind_structure_medoid,BT549,BT20,False,137,0.32943816279476484,0.3367108902344628,0.007272727439697979,644,164,76260,0,2,True,False,2,True,1.936538665991975
blind_structure_medoid,BT549,BT549,True,137,0.30078663102371667,0.3133478627929083,0.01256123176919166,770,305,77219,0,2,True,False,2,True,2.038822792004794
blind_structure_medoid,BT549,MCF7,False,137,0.27725538180026976,0.28373174602730605,0.006476364227036291,567,104,36599,0,2,True,False,2,True,2.198373957988224
blind_structure_medoid,MCF7,BT20,False,9,0.32943816279476484,0.33411838196618554,0.004680219171420696,644,104,70778,0,2,True,False,2,True,1.8819659169967053
blind_structure_medoid,MCF7,BT549,False,9,0.30078663102371667,0.3113103850567084,0.010523754032991717,770,257,66246,0,2,True,False,2,True,2.0023981249978533
blind_structure_medoid,MCF7,MCF7,True,9,0.27725538180026976,0.27725538180026976,0.0,567,0,0,0,2,True,False,2,True,1.9380970839993097
retrospective_family_oracle,BT20,BT20,True,,0.32943816279476484,0.3302384796115513,0.0008003168167864394,644,17,19273,24,3,True,False,2,True,2.3297426250064746
retrospective_family_oracle,BT549,BT549,True,,0.30078663102371667,0.31126866501172584,0.010482033988009176,770,255,63645,4,3,True,False,2,True,2.9701220830029342
retrospective_family_oracle,MCF7,MCF7,True,,0.27725538180026976,0.2860224088111833,0.00876702701091353,567,144,42754,2,3,True,False,2,True,2.1100489999953425
