module,k,distance
GIM,1,0.0
GIM,2,0.0
GIM,3,0.0
GIM,4,0.0
GIM,5,0.0
GIM,6,0.0
GIM,7,0.0
GIM,8,0.0
GIM,9,0.0
GIM,10,0.0
GIM,11,0.0
GIM,12,0.0
DCE,1,0.0
DCE,2,0.0
DCE,3,0.0
DCE,4,0.0
DCE,5,0.0
DCE,6,0.0
DCE,7,0.0
DCE,8,0.0
DCE,9,0.0
DCE,10,0.0
DCE,11,0.0
DCE,12,0.0
SPS,1,0.0
SPS,2,0.0
SPS,3,0.0
SPS,4,0.0
SPS,5,0.0
SPS,6,0.0
SPS,7,0.0
SPS,8,0.0
SPS,9,0.0
SPS,10,0.0
SPS,11,0.0
SPS,12,0.0
RCD,1,0.0
RCD,2,0.0
RCD,3,0.0
RCD,4,0.0
RCD,5,0.1428571428571429
RCD,6,0.1428571428571429
RCD,7,0.1428571428571429
RCD,8,0.1428571428571429
RCD,9,0.1428571428571429
RCD,10,0.1428571428571429
RCD,11,0.1428571428571429
RCD,12,0.1428571428571429
AID,1,0.0
AID,2,0.4
AID,3,0.4285714285714286
AID,4,0.4285714285714286
AID,5,0.4285714285714286
AID,6,0.4285714285714286
AID,7,0.4285714285714286
AID,8,0.4285714285714286
AID,9,0.4285714285714286
AID,10,0.4285714285714286
AID,11,0.4285714285714286
AID,12,0.4285714285714286
