n_steps,variant,n_states_reference,n_states_candidate,n_edges_reference,n_edges_candidate,candidate_relation_pairs,strong_bisimulation_ms,weak_bisimulation_ms,two_simulations_ms,trace_distance_ms,total_runtime_ms,formal_class,repeats
8,identity,9,9,8,8,81,0.07379199814749882,0.12687499838648364,0.16566699923714623,0.02187500285799615,0.38820899862912484,strong equivalence,3
8,silent refinement,9,10,8,9,90,0.06691599992336705,0.13045800005784258,0.1989170013985131,0.02316699828952551,0.41945799966924824,weak equivalence,3
16,identity,17,17,16,16,289,0.3447919989412185,0.6224999997357372,0.904249998711748,0.022125001123640686,1.8936669985123444,strong equivalence,3
16,silent refinement,17,19,16,18,323,0.21837500025867485,0.6268750003073364,1.0435420008434448,0.024499997380189598,1.9132919987896457,weak equivalence,3
32,identity,33,33,32,32,1089,1.7807500007620547,3.50508399787941,5.6367910001426935,0.0234159997489769,10.946040998533135,strong equivalence,3
32,silent refinement,33,37,32,36,1221,0.8722919992578682,3.620499999669846,6.974334002734395,0.025583001843187958,11.492709003505297,weak equivalence,3
64,identity,65,65,64,64,4225,11.186833999090595,20.174166002107086,38.2999169996765,0.023584001610288396,69.68450100248447,strong equivalence,3
64,silent refinement,65,73,64,72,4745,3.7505830005102325,22.904790999746183,45.8358749965555,0.025000001187436283,72.51624899799936,weak equivalence,3
96,identity,97,97,96,96,9409,37.089333000039915,68.88170800084481,132.91575000039302,0.024417000531684607,238.91120800180943,strong equivalence,3
96,silent refinement,97,109,96,108,10573,9.86183400164009,76.34358399809571,160.77370900165988,0.026208002964267507,247.00533500435995,weak equivalence,3
128,identity,129,129,128,128,16641,84.29891600098927,159.94383400175138,310.6336659984663,0.026124998839804903,554.9025410000468,strong equivalence,3
128,silent refinement,129,145,128,144,18705,18.55387500108918,177.60770799941383,367.2491249999439,0.029708000511163846,563.4404160009581,weak equivalence,3
